District,Campus,Region,County,Type,grades_served,Charter,Students,perc_ed,perc_eb_el,overall_score,student_ach_score,school_prog_score,academic_growth_score,relative_perf_score,closing_gap_score,Grant,enroll_type
DALLAS ISD,JOHN Q ADAMS EL,REGION 10: RICHARDSON,DALLAS,Elementary,PK - 05,No,502,92.6%,62.4%,75,56,79,79,58,71,,ZONED SCHOOL-TRANSFERS ACCEPTED
DALLAS ISD,PREK PARTNERSHIP CENTER,REGION 10: RICHARDSON,DALLAS,Elementary,EE - PK,No,"1,185",96.5%,4.8%,86,        .,        .,        .,        .,        .,,SELECTIVE ENROL SCHL-CRITERIA-BASED
DALLAS ISD,GABE P ALLEN CHARTER SCHOOL,REGION 10: RICHARDSON,DALLAS,Elementary,PK - 06,No,399,98.2%,33.6%,78,62,79,79,70,76,,ZONED SCHOOL-TRANSFERS ACCEPTED
DALLAS ISD,WILLIAM M ANDERSON EL,REGION 10: RICHARDSON,DALLAS,Elementary,PK - 05,No,520,98.8%,71.5%,88,73,90,90,83,89,,ZONED SCHOOL-TRANSFERS ACCEPTED
DALLAS ISD,ARCADIA PARK EL,REGION 10: RICHARDSON,DALLAS,Elementary,PK - 06,No,606,91.4%,58.6%,84,77,86,86,86,77,,ZONED SCHOOL-TRANSFERS ACCEPTED
DALLAS ISD,JOSE 'JOE' MAY EL,REGION 10: RICHARDSON,DALLAS,Elementary,EE - 06,No,752,96.8%,79.5%,54,56,58,58,58,43,Yes,ZONED SCHOOL-TRANSFERS ACCEPTED
DALLAS ISD,BAYLES EL,REGION 10: RICHARDSON,DALLAS,Elementary,PK - 05,No,391,98.5%,59.6%,82,65,86,86,74,77,,ZONED SCHOOL-TRANSFERS ACCEPTED
DALLAS ISD,W A BLAIR EL,REGION 10: RICHARDSON,DALLAS,Elementary,PK - 05,No,404,99.5%,52.5%,82,69,85,85,77,78,,ZONED SCHOOL-TRANSFERS ACCEPTED
DALLAS ISD,ANNIE WEBB BLANTON EL,REGION 10: RICHARDSON,DALLAS,Elementary,EE - 05,No,597,95.1%,66.0%,86,78,88,88,88,79,,ZONED SCHOOL-TRANSFERS ACCEPTED
DALLAS ISD,JAMES BOWIE EL,REGION 10: RICHARDSON,DALLAS,Elementary,EE - 05,No,332,97.3%,67.8%,91,80,90,89,90,100,,ZONED SCHOOL-TRANSFERS ACCEPTED
DALLAS ISD,JOHN NEELY BRYAN EL,REGION 10: RICHARDSON,DALLAS,Elementary,PK - 05,No,376,99.5%,37.2%,82,56,88,88,58,73,,ZONED SCHOOL-TRANSFERS ACCEPTED
DALLAS ISD,HARRELL BUDD EL,REGION 10: RICHARDSON,DALLAS,Elementary,PK - 05,No,454,95.4%,56.4%,77,65,83,83,73,76,,ZONED SCHOOL-TRANSFERS ACCEPTED
DALLAS ISD,DAVID G BURNET EL,REGION 10: RICHARDSON,DALLAS,Elementary,PK - 06,No,623,95.8%,87.5%,81,69,76,67,76,71,,ZONED SCHOOL-TRANSFERS ACCEPTED
DALLAS ISD,RUFUS C BURLESON EL,REGION 10: RICHARDSON,DALLAS,Elementary,PK - 05,No,453,98.9%,47.0%,86,74,84,83,84,83,,ZONED SCHOOL-TRANSFERS ACCEPTED
DALLAS ISD,W W BUSHMAN EL,REGION 10: RICHARDSON,DALLAS,Elementary,EE - 05,No,340,97.9%,32.9%,93,91,94,94,92,100,,ZONED SCHOOL-TRANSFERS ACCEPTED
DALLAS ISD,CHAPEL HILL PREPARATORY-A PERSONALIZED LRNING SCH,REGION 10: RICHARDSON,DALLAS,Elementary,PK - 05,No,417,91.8%,64.5%,81,72,81,77,81,88,,ZONED SCHOOL-TRANSFERS ACCEPTED
DALLAS ISD,F P CAILLET EL,REGION 10: RICHARDSON,DALLAS,Elementary,EE - 05,No,582,96.6%,75.4%,86,78,91,91,88,94,,ZONED SCHOOL-TRANSFERS ACCEPTED
DALLAS ISD,JOHN W CARPENTER EL,REGION 10: RICHARDSON,DALLAS,Elementary,PK - 05,No,209,98.6%,29.2%,84,65,88,88,74,66,,ZONED SCHOOL-TRANSFERS ACCEPTED
DALLAS ISD,C F CARR EL,REGION 10: RICHARDSON,DALLAS,Elementary,PK - 06,No,282,97.5%,32.6%,83,69,91,91,77,78,,ZONED SCHOOL-TRANSFERS ACCEPTED
DALLAS ISD,CASA VIEW EL,REGION 10: RICHARDSON,DALLAS,Elementary,EE - 05,No,614,93.5%,62.9%,84,77,86,79,86,84,,ZONED SCHOOL-TRANSFERS ACCEPTED
DALLAS ISD,CENTRAL EL,REGION 10: RICHARDSON,DALLAS,Elementary,PK - 05,No,528,85.2%,40.5%,90,92,92,92,92,100,,ZONED SCHOOL-TRANSFERS ACCEPTED
DALLAS ISD,DR MARTIN LUTHER KING JR ARTS ACADEMY,REGION 10: RICHARDSON,DALLAS,Elementary,PK - 06,No,426,94.8%,26.3%,89,77,86,85,86,96,,ZONED SCHOOL-TRANSFERS ACCEPTED
DALLAS ISD,S S CONNER EL,REGION 10: RICHARDSON,DALLAS,Elementary,EE - 05,No,619,98.2%,45.6%,67,64,72,59,72,55,,ZONED SCHOOL-TRANSFERS ACCEPTED
DALLAS ISD,LEILA P COWART EL,REGION 10: RICHARDSON,DALLAS,Elementary,EE - 05,No,547,90.1%,65.4%,85,72,90,90,80,77,,ZONED SCHOOL-TRANSFERS ACCEPTED
DALLAS ISD,IGNACIO ZARAGOZA EL,REGION 10: RICHARDSON,DALLAS,Elementary,EE - 05,No,309,93.9%,53.4%,84,73,83,83,82,86,,ZONED SCHOOL-TRANSFERS ACCEPTED
DALLAS ISD,BARBARA JORDAN EL,REGION 10: RICHARDSON,DALLAS,Elementary,PK - 05,No,445,97.8%,66.7%,83,67,80,80,75,77,,ZONED SCHOOL-TRANSFERS ACCEPTED
DALLAS ISD,GEORGE B DEALEY MONTESSORI ACADEMY,REGION 10: RICHARDSON,DALLAS,Elementary,PK - 08,No,600,20.8%,10.8%,88,94,91,91,89,100,,SELECTIVE ENROL SCHL-CRITERIA-BASED
DALLAS ISD,EVERETTE LEE DEGOLYER EL,REGION 10: RICHARDSON,DALLAS,Elementary,PK - 05,No,363,55.4%,33.1%,81,85,85,75,85,77,,ZONED SCHOOL-TRANSFERS ACCEPTED
DALLAS ISD,L O DONALD EL,REGION 10: RICHARDSON,DALLAS,Elementary,PK - 05,No,335,92.2%,64.5%,82,76,85,72,85,74,,ZONED SCHOOL-TRANSFERS ACCEPTED
DALLAS ISD,JULIUS DORSEY EL,REGION 10: RICHARDSON,DALLAS,Elementary,PK - 05,No,394,97.0%,70.1%,85,79,89,74,89,76,,ZONED SCHOOL-TRANSFERS ACCEPTED
DALLAS ISD,PAUL L DUNBAR LEARNING CENTER,REGION 10: RICHARDSON,DALLAS,Elementary,EE - 05,No,497,96.6%,23.5%,76,65,73,70,73,71,,ZONED SCHOOL-TRANSFERS ACCEPTED
DALLAS ISD,JILL STONE EL AT VICKERY MEADOW,REGION 10: RICHARDSON,DALLAS,Elementary,PK - 05,No,399,95.7%,59.1%,62,56,62,62,58,63,,ZONED SCHOOL-TRANSFERS ACCEPTED
DALLAS ISD,J N ERVIN EL,REGION 10: RICHARDSON,DALLAS,Elementary,EE - 05,No,629,98.3%,19.6%,77,55,82,82,57,75,,ZONED SCHOOL-TRANSFERS ACCEPTED
DALLAS ISD,STEPHEN C FOSTER EL,REGION 10: RICHARDSON,DALLAS,Elementary,EE - 06,No,673,97.6%,81.4%,74,67,75,62,75,61,,ZONED SCHOOL-TRANSFERS ACCEPTED
DALLAS ISD,CHARLES A GILL EL,REGION 10: RICHARDSON,DALLAS,Elementary,EE - 05,No,616,90.7%,58.0%,86,75,92,92,84,84,,ZONED SCHOOL-TRANSFERS ACCEPTED
DALLAS ISD,TOM C GOOCH EL,REGION 10: RICHARDSON,DALLAS,Elementary,EE - 05,No,369,91.3%,71.0%,81,72,81,75,81,73,,ZONED SCHOOL-TRANSFERS ACCEPTED
DALLAS ISD,HALL PERSONALIZED LEARNING ACADEMY AT OAK CLIFF,REGION 10: RICHARDSON,DALLAS,Elementary,PK - 05,No,431,97.0%,72.2%,79,71,79,72,79,69,,ZONED SCHOOL-TRANSFERS ACCEPTED
DALLAS ISD,MARGARET B HENDERSON EL,REGION 10: RICHARDSON,DALLAS,Elementary,EE - 05,No,360,90.0%,62.5%,92,80,92,92,89,100,,ZONED SCHOOL-TRANSFERS ACCEPTED
DALLAS ISD,VICTOR H HEXTER EL,REGION 10: RICHARDSON,DALLAS,Elementary,PK - 05,No,447,49.9%,14.8%,83,86,89,89,84,92,,ZONED SCHOOL-TRANSFERS ACCEPTED
DALLAS ISD,LARRY G SMITH EL,REGION 10: RICHARDSON,DALLAS,Elementary,PK - 05,No,772,91.8%,53.8%,85,73,88,88,82,86,,ZONED SCHOOL-TRANSFERS ACCEPTED
DALLAS ISD,C A TATUM JR EL,REGION 10: RICHARDSON,DALLAS,Elementary,PK - 05,No,425,96.5%,40.7%,59,59,66,55,66,58,Yes,ZONED SCHOOL-TRANSFERS ACCEPTED
DALLAS ISD,NATHANIEL HAWTHORNE EL,REGION 10: RICHARDSON,DALLAS,Elementary,EE - 05,No,392,92.3%,66.1%,88,74,89,89,83,88,,ZONED SCHOOL-TRANSFERS ACCEPTED
DALLAS ISD,HOGG NEW TECH CENTER,REGION 10: RICHARDSON,DALLAS,Elementary,PK - 05,No,306,96.1%,40.8%,87,76,91,91,85,92,,ZONED SCHOOL-TRANSFERS ACCEPTED
DALLAS ISD,LIDA HOOE EL,REGION 10: RICHARDSON,DALLAS,Elementary,PK - 05,No,389,93.8%,44.2%,53,52,54,51,54,50,Yes,ZONED SCHOOL-TRANSFERS ACCEPTED
DALLAS ISD,L L HOTCHKISS EL,REGION 10: RICHARDSON,DALLAS,Elementary,PK - 06,No,500,89.6%,58.4%,65,60,66,62,66,61,,ZONED SCHOOL-TRANSFERS ACCEPTED
DALLAS ISD,PERSONALIZED LEARNING PREPARATORY AT SAM HOUSTON,REGION 10: RICHARDSON,DALLAS,Elementary,PK - 05,No,274,61.3%,26.3%,83,73,82,82,74,77,,COMBINED ENROLLMENT TYPE SCHOOL
DALLAS ISD,JOHN IRELAND EL,REGION 10: RICHARDSON,DALLAS,Elementary,EE - 05,No,476,96.0%,69.5%,80,67,75,74,75,76,,ZONED SCHOOL-TRANSFERS ACCEPTED
DALLAS ISD,MOCKINGBIRD EL,REGION 10: RICHARDSON,DALLAS,Elementary,KG - 05,No,657,19.5%,13.7%,86,92,91,91,79,83,,ZONED SCHOOL-TRANSFERS ACCEPTED
DALLAS ISD,CEDAR CREST EL,REGION 10: RICHARDSON,DALLAS,Elementary,EE - 05,No,365,98.9%,29.0%,69,64,72,55,72,62,,ZONED SCHOOL-TRANSFERS ACCEPTED
DALLAS ISD,ANSON JONES EL,REGION 10: RICHARDSON,DALLAS,Elementary,EE - 06,No,508,96.1%,67.5%,79,58,79,79,63,74,,ZONED SCHOOL-TRANSFERS ACCEPTED
DALLAS ISD,EDWIN J KIEST EL,REGION 10: RICHARDSON,DALLAS,Elementary,EE - 05,No,621,94.8%,61.7%,78,62,90,90,70,73,,ZONED SCHOOL-TRANSFERS ACCEPTED
DALLAS ISD,KLEBERG EL,REGION 10: RICHARDSON,DALLAS,Elementary,EE - 05,No,820,89.1%,55.5%,83,67,83,83,74,78,,ZONED SCHOOL-TRANSFERS ACCEPTED
DALLAS ISD,OBADIAH KNIGHT EL,REGION 10: RICHARDSON,DALLAS,Elementary,PK - 05,No,332,94.9%,76.2%,80,74,83,74,83,73,,ZONED SCHOOL-TRANSFERS ACCEPTED
DALLAS ISD,ARTHUR KRAMER EL,REGION 10: RICHARDSON,DALLAS,Elementary,EE - 05,No,474,69.2%,36.5%,82,79,85,83,85,75,,ZONED SCHOOL-TRANSFERS ACCEPTED
DALLAS ISD,RICHARD LAGOW EL,REGION 10: RICHARDSON,DALLAS,Elementary,EE - 05,No,494,93.1%,56.7%,79,69,85,85,75,78,,ZONED SCHOOL-TRANSFERS ACCEPTED
DALLAS ISD,LAKEWOOD EL,REGION 10: RICHARDSON,DALLAS,Elementary,KG - 05,No,915,5.8%,3.2%,92,97,93,93,91,100,,ZONED SCHOOL-TRANSFERS ACCEPTED
DALLAS ISD,JIMMIE TYLER BRASHEAR EL,REGION 10: RICHARDSON,DALLAS,Elementary,PK - 05,No,647,82.4%,50.7%,87,77,93,93,85,88,,ZONED SCHOOL-TRANSFERS ACCEPTED
DALLAS ISD,SIDNEY LANIER EXPRESSIVE ARTS VANGUARD,REGION 10: RICHARDSON,DALLAS,Elementary,EE - 08,No,637,79.6%,37.8%,80,74,82,82,81,79,,COMBINED ENROLLMENT TYPE SCHOOL
DALLAS ISD,GENEVA HEIGHTS EL,REGION 10: RICHARDSON,DALLAS,Elementary,EE - 05,No,514,43.8%,19.3%,72,74,63,59,63,65,,ZONED SCHOOL-TRANSFERS ACCEPTED
DALLAS ISD,UMPHREY LEE EL,REGION 10: RICHARDSON,DALLAS,Elementary,EE - 05,No,408,98.3%,36.8%,80,69,77,59,77,68,,ZONED SCHOOL-TRANSFERS ACCEPTED
DALLAS ISD,JACK LOWE SR EL,REGION 10: RICHARDSON,DALLAS,Elementary,PK - 05,No,556,98.0%,74.6%,94,92,93,89,93,100,,ZONED SCHOOL-TRANSFERS ACCEPTED
DALLAS ISD,WILLIAM LIPSCOMB EL,REGION 10: RICHARDSON,DALLAS,Elementary,PK - 05,No,411,72.5%,37.5%,82,72,86,86,75,76,,ZONED SCHOOL-TRANSFERS ACCEPTED
DALLAS ISD,H I HOLLAND EL AT LISBON,REGION 10: RICHARDSON,DALLAS,Elementary,EE - 05,No,392,99.0%,50.0%,84,60,90,90,69,75,,ZONED SCHOOL-TRANSFERS ACCEPTED
DALLAS ISD,B H MACON EL,REGION 10: RICHARDSON,DALLAS,Elementary,EE - 05,No,502,92.2%,66.7%,74,70,77,69,77,68,,ZONED SCHOOL-TRANSFERS ACCEPTED
DALLAS ISD,MAPLE LAWN EL,REGION 10: RICHARDSON,DALLAS,Elementary,PK - 05,No,552,95.7%,39.5%,81,71,88,88,79,77,,ZONED SCHOOL-TRANSFERS ACCEPTED
DALLAS ISD,HERBERT MARCUS EL,REGION 10: RICHARDSON,DALLAS,Elementary,PK - 05,No,636,96.4%,91.5%,69,59,70,70,66,67,,ZONED SCHOOL-TRANSFERS ACCEPTED
DALLAS ISD,THOMAS L MARSALIS EL STEAM ACADEMY,REGION 10: RICHARDSON,DALLAS,Elementary,PK - 05,No,415,91.6%,15.4%,83,73,86,86,82,74,,ZONED SCHOOL-TRANSFERS ACCEPTED
DALLAS ISD,BEN MILAM EL,REGION 10: RICHARDSON,DALLAS,Elementary,PK - 05,No,274,84.7%,36.5%,65,60,65,65,65,65,,ZONED SCHOOL-TRANSFERS ACCEPTED
DALLAS ISD,WILLIAM B MILLER EL,REGION 10: RICHARDSON,DALLAS,Elementary,PK - 05,No,254,97.6%,54.7%,76,64,72,65,72,70,,ZONED SCHOOL-TRANSFERS ACCEPTED
DALLAS ISD,TRINITY HEIGHTS GIFTED AND TALENTED SCHOOL,REGION 10: RICHARDSON,DALLAS,Elementary,01 - 08,No,313,83.4%,45.4%,91,93,94,93,94,100,,COMBINED ENROLLMENT TYPE SCHOOL
DALLAS ISD,NANCY MOSELEY EL,REGION 10: RICHARDSON,DALLAS,Elementary,EE - 05,No,655,95.6%,61.4%,85,75,89,89,84,88,,ZONED SCHOOL-TRANSFERS ACCEPTED
DALLAS ISD,MOUNT AUBURN STEAM ACADEMY,REGION 10: RICHARDSON,DALLAS,Elementary,EE - 05,No,516,90.7%,51.2%,89,72,92,92,81,85,,ZONED SCHOOL-TRANSFERS ACCEPTED
DALLAS ISD,CLARA OLIVER EL,REGION 10: RICHARDSON,DALLAS,Elementary,EE - 05,No,212,95.8%,40.6%,84,62,86,86,70,77,,ZONED SCHOOL-TRANSFERS ACCEPTED
DALLAS ISD,GEORGE PEABODY EL,REGION 10: RICHARDSON,DALLAS,Elementary,PK - 06,No,373,94.1%,52.5%,80,72,83,83,80,78,,ZONED SCHOOL-TRANSFERS ACCEPTED
DALLAS ISD,ELISHA M PEASE EL,REGION 10: RICHARDSON,DALLAS,Elementary,PK - 05,No,509,98.2%,5.7%,84,70,85,85,79,78,,ZONED SCHOOL-TRANSFERS ACCEPTED
DALLAS ISD,JOHN F PEELER EL,REGION 10: RICHARDSON,DALLAS,Elementary,PK - 05,No,263,91.6%,60.1%,85,71,93,93,79,78,,ZONED SCHOOL-TRANSFERS ACCEPTED
DALLAS ISD,JOHN J PERSHING EL,REGION 10: RICHARDSON,DALLAS,Elementary,PK - 05,No,393,91.6%,68.7%,86,76,89,89,85,81,,ZONED SCHOOL-TRANSFERS ACCEPTED
DALLAS ISD,K B POLK CENTER FOR ACADEMICALLY TALENTED & GIFTED,REGION 10: RICHARDSON,DALLAS,Elementary,PK - 07,No,444,84.7%,50.2%,69,67,72,67,72,63,,COMBINED ENROLLMENT TYPE SCHOOL
DALLAS ISD,PRESTON HOLLOW EL,REGION 10: RICHARDSON,DALLAS,Elementary,PK - 05,No,452,76.8%,55.1%,81,74,86,86,81,84,,ZONED SCHOOL-TRANSFERS ACCEPTED
DALLAS ISD,JOHN H REAGAN EL,REGION 10: RICHARDSON,DALLAS,Elementary,EE - 05,No,275,96.7%,66.2%,88,73,88,88,82,83,,ZONED SCHOOL-TRANSFERS ACCEPTED
DALLAS ISD,MARTHA TURNER REILLY EL,REGION 10: RICHARDSON,DALLAS,Elementary,PK - 05,No,502,76.7%,39.2%,83,82,88,82,88,90,,ZONED SCHOOL-TRANSFERS ACCEPTED
DALLAS ISD,REINHARDT EL,REGION 10: RICHARDSON,DALLAS,Elementary,PK - 05,No,443,90.7%,53.3%,87,72,86,86,81,88,,ZONED SCHOOL-TRANSFERS ACCEPTED
DALLAS ISD,JOSEPH J RHOADS LEARNING CENTER,REGION 10: RICHARDSON,DALLAS,Elementary,PK - PK,No,95,95.8%,29.5%,86,        .,        .,        .,        .,        .,,ZONED SCHOOL-TRANSFERS ACCEPTED
DALLAS ISD,CHARLES RICE LEARNING CENTER,REGION 10: RICHARDSON,DALLAS,Elementary,PK - 05,No,470,96.4%,9.8%,85,77,86,74,86,87,,ZONED SCHOOL-TRANSFERS ACCEPTED
DALLAS ISD,ORAN M ROBERTS EL,REGION 10: RICHARDSON,DALLAS,Elementary,PK - 05,No,413,93.7%,53.5%,59,54,65,65,56,59,Yes,ZONED SCHOOL-TRANSFERS ACCEPTED
DALLAS ISD,DAN D ROGERS EL,REGION 10: RICHARDSON,DALLAS,Elementary,EE - 05,No,460,74.8%,49.8%,94,89,91,91,90,100,,ZONED SCHOOL-TRANSFERS ACCEPTED
DALLAS ISD,ROSEMONT LOWER - CHRIS V SEMOS BUILDING,REGION 10: RICHARDSON,DALLAS,Elementary,EE - 05,No,824,62.1%,32.0%,86,75,91,91,77,88,,ZONED SCHOOL-TRANSFERS ACCEPTED
DALLAS ISD,CLINTON P RUSSELL EL,REGION 10: RICHARDSON,DALLAS,Elementary,PK - 05,No,564,95.7%,66.3%,76,58,79,79,63,69,,ZONED SCHOOL-TRANSFERS ACCEPTED
DALLAS ISD,ALEX SANGER PREPARATORY SCHOOL,REGION 10: RICHARDSON,DALLAS,Elementary,PK - 08,No,753,70.0%,43.4%,83,80,85,82,85,76,,ZONED SCHOOL-TRANSFERS ACCEPTED
DALLAS ISD,SAN JACINTO EL,REGION 10: RICHARDSON,DALLAS,Elementary,EE - 05,No,413,96.1%,64.6%,82,62,89,89,70,76,,ZONED SCHOOL-TRANSFERS ACCEPTED
DALLAS ISD,SEAGOVILLE EL,REGION 10: RICHARDSON,DALLAS,Elementary,EE - 05,No,588,92.2%,53.9%,83,67,91,91,74,76,,ZONED SCHOOL-TRANSFERS ACCEPTED
DALLAS ISD,ASCHER SILBERSTEIN EL,REGION 10: RICHARDSON,DALLAS,Elementary,PK - 05,No,557,92.5%,71.6%,83,72,80,79,80,76,,ZONED SCHOOL-TRANSFERS ACCEPTED
DALLAS ISD,LESLIE A STEMMONS EL,REGION 10: RICHARDSON,DALLAS,Elementary,PK - 05,No,617,91.7%,65.6%,81,75,84,80,84,94,,ZONED SCHOOL-TRANSFERS ACCEPTED
DALLAS ISD,STEVENS PARK EL,REGION 10: RICHARDSON,DALLAS,Elementary,PK - 06,No,656,97.3%,59.9%,79,71,86,86,80,77,,ZONED SCHOOL-TRANSFERS ACCEPTED
DALLAS ISD,HARRY STONE MONTESSORI ACADEMY,REGION 10: RICHARDSON,DALLAS,Elementary,PK - 08,No,600,58.2%,27.5%,84,86,86,86,86,100,,SELECTIVE ENROL SCHL-CRITERIA-BASED
DALLAS ISD,T G TERRY EL,REGION 10: RICHARDSON,DALLAS,Elementary,PK - 05,No,282,92.9%,54.6%,81,67,79,79,74,72,,ZONED SCHOOL-TRANSFERS ACCEPTED
DALLAS ISD,R L THORNTON EL,REGION 10: RICHARDSON,DALLAS,Elementary,EE - 05,No,200,97.5%,4.0%,85,65,92,92,74,78,,ZONED SCHOOL-TRANSFERS ACCEPTED
DALLAS ISD,EDWARD TITCHE EL,REGION 10: RICHARDSON,DALLAS,Elementary,PK - 05,No,692,97.8%,47.1%,85,72,89,89,81,84,,ZONED SCHOOL-TRANSFERS ACCEPTED
DALLAS ISD,GEORGE W TRUETT EL,REGION 10: RICHARDSON,DALLAS,Elementary,EE - 05,No,886,94.9%,55.8%,84,72,82,82,81,78,,ZONED SCHOOL-TRANSFERS ACCEPTED
DALLAS ISD,ADELLE TURNER EL,REGION 10: RICHARDSON,DALLAS,Elementary,PK - 05,No,297,91.9%,4.0%,80,64,93,93,70,76,,ZONED SCHOOL-TRANSFERS ACCEPTED
DALLAS ISD,MARK TWAIN SCHOOL FOR THE TALENTED AND GIFTED,REGION 10: RICHARDSON,DALLAS,Elementary,01 - 05,No,158,81.6%,23.4%,83,76,84,80,84,90,,COMBINED ENROLLMENT TYPE SCHOOL
DALLAS ISD,URBAN PARK EL,REGION 10: RICHARDSON,DALLAS,Elementary,PK - 05,No,529,97.5%,65.2%,81,72,82,60,82,68,,ZONED SCHOOL-TRANSFERS ACCEPTED
DALLAS ISD,WALNUT HILL EL,REGION 10: RICHARDSON,DALLAS,Elementary,PK - 07,No,380,74.5%,59.5%,83,75,81,75,81,89,,ZONED SCHOOL-TRANSFERS ACCEPTED
DALLAS ISD,DANIEL WEBSTER EL,REGION 10: RICHARDSON,DALLAS,Elementary,EE - 05,No,340,94.4%,36.2%,77,56,82,82,58,68,,ZONED SCHOOL-TRANSFERS ACCEPTED
DALLAS ISD,MARTIN WEISS EL,REGION 10: RICHARDSON,DALLAS,Elementary,PK - 05,No,446,97.5%,52.7%,85,73,93,93,83,86,,ZONED SCHOOL-TRANSFERS ACCEPTED
DALLAS ISD,WINNETKA EL,REGION 10: RICHARDSON,DALLAS,Elementary,PK - 05,No,759,88.5%,57.6%,91,82,92,92,90,87,,ZONED SCHOOL-TRANSFERS ACCEPTED
DALLAS ISD,HARRY C WITHERS EL,REGION 10: RICHARDSON,DALLAS,Elementary,PK - 05,No,423,47.5%,27.7%,85,90,85,70,85,76,,ZONED SCHOOL-TRANSFERS ACCEPTED
DALLAS ISD,EDNA ROWE EL,REGION 10: RICHARDSON,DALLAS,Elementary,PK - 05,No,363,92.0%,41.3%,88,75,89,89,84,80,,ZONED SCHOOL-TRANSFERS ACCEPTED
DALLAS ISD,NATHAN ADAMS EL,REGION 10: RICHARDSON,DALLAS,Elementary,PK - 05,No,426,93.2%,67.1%,81,73,86,86,82,78,,ZONED SCHOOL-TRANSFERS ACCEPTED
DALLAS ISD,HENRY B GONZALEZ PERSONALIZED LEARNING ACADEMY,REGION 10: RICHARDSON,DALLAS,Elementary,PK - 05,No,585,90.3%,74.0%,82,77,85,70,85,75,,ZONED SCHOOL-TRANSFERS ACCEPTED
DALLAS ISD,BIRDIE ALEXANDER EL,REGION 10: RICHARDSON,DALLAS,Elementary,EE - 05,No,289,86.9%,10.4%,78,59,88,88,63,73,,ZONED SCHOOL-TRANSFERS ACCEPTED
DALLAS ISD,NANCY J COCHRAN EL,REGION 10: RICHARDSON,DALLAS,Elementary,PK - 05,No,424,97.4%,46.0%,82,64,83,83,72,77,,ZONED SCHOOL-TRANSFERS ACCEPTED
DALLAS ISD,JOHN W RUNYON EL,REGION 10: RICHARDSON,DALLAS,Elementary,PK - 05,No,482,91.3%,43.4%,76,57,70,70,60,69,,ZONED SCHOOL-TRANSFERS ACCEPTED
DALLAS ISD,ARTURO SALAZAR EL,REGION 10: RICHARDSON,DALLAS,Elementary,PK - 05,No,431,93.0%,55.9%,78,70,77,75,77,75,,ZONED SCHOOL-TRANSFERS ACCEPTED
DALLAS ISD,FRANK GUZICK EL,REGION 10: RICHARDSON,DALLAS,Elementary,PK - 05,No,620,98.4%,46.5%,81,58,85,85,63,75,,ZONED SCHOOL-TRANSFERS ACCEPTED
DALLAS ISD,ELEMENTARY' DISCIPLINARY ALTERNATIVE EDUCATION PRG,REGION 10: RICHARDSON,DALLAS,Elementary,04 - 05,No,3,100.0%,33.3%,        .,        .,        .,        .,        .,        .,,SPECIAL ASSIGNMENT SCHOOL
DALLAS ISD,SEAGOVILLE NORTH EL,REGION 10: RICHARDSON,DALLAS,Elementary,PK - 05,No,758,90.5%,51.6%,77,59,86,86,65,75,,ZONED SCHOOL-TRANSFERS ACCEPTED
DALLAS ISD,ADELFA BOTELLO CALLEJO EL,REGION 10: RICHARDSON,DALLAS,Elementary,PK - 05,No,521,95.2%,56.8%,86,76,86,86,85,88,,ZONED SCHOOL-TRANSFERS ACCEPTED
DALLAS ISD,WHITNEY M YOUNG JR EL,REGION 10: RICHARDSON,DALLAS,Elementary,PK - 05,No,360,92.2%,36.9%,73,54,75,75,56,66,,ZONED SCHOOL-TRANSFERS ACCEPTED
DALLAS ISD,LORENZO DE ZAVALA EL,REGION 10: RICHARDSON,DALLAS,Elementary,PK - 06,No,448,96.7%,59.6%,81,72,86,86,81,74,,ZONED SCHOOL-TRANSFERS ACCEPTED
DALLAS ISD,J P STARKS EL,REGION 10: RICHARDSON,DALLAS,Elementary,PK - 08,No,240,97.1%,19.6%,88,89,91,88,91,89,,ZONED SCHOOL-TRANSFERS ACCEPTED
DALLAS ISD,RONALD E MCNAIR EL,REGION 10: RICHARDSON,DALLAS,Elementary,EE - 05,No,419,95.0%,15.3%,79,62,82,82,70,77,,ZONED SCHOOL-TRANSFERS ACCEPTED
DALLAS ISD,ELADIO R MARTINEZ LEARNING CENTER,REGION 10: RICHARDSON,DALLAS,Elementary,PK - 06,No,580,98.3%,46.0%,82,72,81,80,81,78,,ZONED SCHOOL-TRANSFERS ACCEPTED
DALLAS ISD,FREDERICK DOUGLASS EL,REGION 10: RICHARDSON,DALLAS,Elementary,EE - 05,No,422,98.3%,30.8%,59,57,60,58,60,56,Yes,ZONED SCHOOL-TRANSFERS ACCEPTED
DALLAS ISD,EDUARDO MATA MONTESSORI SCHOOL,REGION 10: RICHARDSON,DALLAS,Elementary,PK - 08,No,725,60.0%,36.8%,72,72,74,74,70,72,,SELECTIVE ENROL SCHL-CRITERIA-BASED
DALLAS ISD,JULIAN T SALDIVAR EL,REGION 10: RICHARDSON,DALLAS,Elementary,PK - 06,No,842,96.3%,86.2%,56,57,60,53,60,46,Yes,ZONED SCHOOL-TRANSFERS ACCEPTED
DALLAS ISD,MARIA MORENO STEAM ACADEMY,REGION 10: RICHARDSON,DALLAS,Elementary,PK - 05,No,338,94.4%,55.9%,86,74,83,80,83,76,,ZONED SCHOOL-TRANSFERS ACCEPTED
DALLAS ISD,PLEASANT GROVE EL,REGION 10: RICHARDSON,DALLAS,Elementary,PK - 05,No,450,96.4%,60.4%,84,73,82,70,82,78,,ZONED SCHOOL-TRANSFERS ACCEPTED
DALLAS ISD,MARY MCLEOD BETHUNE EL,REGION 10: RICHARDSON,DALLAS,Elementary,PK - 05,No,575,89.6%,55.1%,88,77,92,92,86,89,,ZONED SCHOOL-TRANSFERS ACCEPTED
DALLAS ISD,LOUISE WOLFF KAHN EL,REGION 10: RICHARDSON,DALLAS,Elementary,PK - 06,No,571,93.2%,62.7%,84,74,83,77,83,78,,ZONED SCHOOL-TRANSFERS ACCEPTED
DALLAS ISD,GILBERT CUELLAR SR EL,REGION 10: RICHARDSON,DALLAS,Elementary,EE - 05,No,630,99.2%,63.5%,89,75,91,91,85,86,,ZONED SCHOOL-TRANSFERS ACCEPTED
DALLAS ISD,THOMAS TOLBERT EL,REGION 10: RICHARDSON,DALLAS,Elementary,PK - 05,No,368,96.7%,45.9%,77,71,79,65,79,67,,ZONED SCHOOL-TRANSFERS ACCEPTED
DALLAS ISD,LEONIDES GONZALEZ CIGARROA MD EL,REGION 10: RICHARDSON,DALLAS,Elementary,EE - 06,No,576,96.5%,88.7%,82,72,80,80,80,79,,ZONED SCHOOL-TRANSFERS ACCEPTED
DALLAS ISD,JERRY R JUNKINS EL,REGION 10: RICHARDSON,DALLAS,Elementary,PK - 05,No,571,79.5%,37.0%,85,77,89,89,85,89,,ZONED SCHOOL-TRANSFERS ACCEPTED
DALLAS ISD,ANNE FRANK EL,REGION 10: RICHARDSON,DALLAS,Elementary,EE - 05,No,"1,139",84.5%,55.5%,83,75,85,85,83,87,,ZONED SCHOOL-TRANSFERS ACCEPTED
DALLAS ISD,CESAR CHAVEZ LEARNING CENTER,REGION 10: RICHARDSON,DALLAS,Elementary,PK - 05,No,579,95.0%,33.2%,77,69,80,80,76,78,,ZONED SCHOOL-TRANSFERS ACCEPTED
DALLAS ISD,ESPERANZA MEDRANO EL,REGION 10: RICHARDSON,DALLAS,Elementary,EE - 05,No,345,90.1%,60.3%,74,60,72,72,67,71,,ZONED SCHOOL-TRANSFERS ACCEPTED
DALLAS ISD,PERSONALIZED LEARNING ACADEMY AT HIGHLAND MEADOWS,REGION 10: RICHARDSON,DALLAS,Elementary,PK - 05,No,711,84.2%,57.5%,59,50,59,59,52,60,Yes,ZONED SCHOOL-TRANSFERS ACCEPTED
DALLAS ISD,N W HARLLEE EARLY CHILDHOOD CENTER,REGION 10: RICHARDSON,DALLAS,Elementary,EE - 02,No,181,83.4%,15.5%,86,        .,        .,        .,        .,        .,,SELECTIVE ENROL SCHL-CRITERIA-BASED
DALLAS ISD,LEE A MCSHAN JR EL,REGION 10: RICHARDSON,DALLAS,Elementary,PK - 05,No,534,97.0%,75.8%,84,72,89,89,81,75,,ZONED SCHOOL-TRANSFERS ACCEPTED
DALLAS ISD,CELESTINO MAURICIO SOTO JR EL,REGION 10: RICHARDSON,DALLAS,Elementary,PK - 05,No,476,93.1%,58.8%,81,71,80,80,79,82,,ZONED SCHOOL-TRANSFERS ACCEPTED
DALLAS ISD,FELIX G BOTELLO PERSONALIZED LEARNING EL,REGION 10: RICHARDSON,DALLAS,Elementary,PK - 05,No,545,94.7%,69.0%,92,80,97,97,90,88,,ZONED SCHOOL-TRANSFERS ACCEPTED
DALLAS ISD,ARLINGTON PARK EARLY CHILDHOOD CENTER,REGION 10: RICHARDSON,DALLAS,Elementary,PK - PK,No,83,84.3%,39.8%,86,        .,        .,        .,        .,        .,,SELECTIVE ENROL SCHL-CRITERIA-BASED
DALLAS ISD,WILMER-HUTCHINS EL,REGION 10: RICHARDSON,DALLAS,Elementary,PK - 05,No,545,95.4%,42.0%,83,70,85,85,78,77,,ZONED SCHOOL-TRANSFERS ACCEPTED
DALLAS ISD,CALLIER CENTER PRE-SCHOOL DEAF (0-5),REGION 10: RICHARDSON,DALLAS,Elementary,EE - EE,No,69,30.4%,13.0%,        .,        .,        .,        .,        .,        .,,SELECTIVE ENROL SCHL-CRITERIA-BASED
DALLAS ISD,THELMA ELIZABETH PAGE RICHARDSON EL,REGION 10: RICHARDSON,DALLAS,Elementary,PK - 05,No,503,93.2%,64.0%,73,69,75,72,75,66,,SELECTIVE ENROL SCHL-CRITERIA-BASED
DALLAS ISD,GEORGE HERBERT WALKER BUSH EL,REGION 10: RICHARDSON,DALLAS,Elementary,EE - 05,No,656,82.5%,40.5%,87,80,93,93,88,94,,ZONED SCHOOL-TRANSFERS ACCEPTED
DALLAS ISD,EBBY HALLIDAY EL,REGION 10: RICHARDSON,DALLAS,Elementary,PK - 05,No,602,88.9%,60.8%,82,67,88,88,74,76,,ZONED SCHOOL-TRANSFERS ACCEPTED
DALLAS ISD,SOLAR PREPARATORY SCHOOL FOR GIRLS AT BONHAM,REGION 10: RICHARDSON,DALLAS,Elementary,PK - 07,No,671,45.0%,19.7%,82,91,87,83,87,78,,SELECTIVE ENROL SCHL-CRITERIA-BASED
DALLAS ISD,H S THOMPSON LEARNING CENTER,REGION 10: RICHARDSON,DALLAS,Elementary,KG - 05,No,500,95.8%,42.2%,59,47,59,59,49,62,Yes,ZONED SCHOOL-TRANSFERS ACCEPTED
DALLAS ISD,EDDIE BERNICE JOHNSON EL,REGION 10: RICHARDSON,DALLAS,Elementary,PK - 05,No,455,91.4%,41.3%,84,70,88,88,77,75,,SELECTIVE ENROL SCHL-CRITERIA-BASED
DALLAS ISD,PRESTONWOOD MONTESSORI AT E D WALKER,REGION 10: RICHARDSON,DALLAS,Elementary,PK - 02,No,194,53.1%,32.0%,86,        .,        .,        .,        .,        .,,SELECTIVE ENRL SCHL-SPCL PGM-BASED
DALLAS ISD,DALLAS HYBRID PREPARATORY AT STEPHEN J HAY,REGION 10: RICHARDSON,DALLAS,Elementary,04 - 06,No,68,60.3%,25.0%,85,91,91,70,91,72,,ZONED SCHOOL-TRANSFERS ACCEPTED
DALLAS ISD,DOWNTOWN MONTESSORI AT IDA B WELLS ACADEMY,REGION 10: RICHARDSON,DALLAS,Elementary,PK - 03,No,268,57.1%,15.7%,77,78,81,        .,81,74,,ZONED SCHOOL-TRANSFERS ACCEPTED
DALLAS ISD,MONTESSORI ACADEMY AT ONESIMO HERNANDEZ EL,REGION 10: RICHARDSON,DALLAS,Elementary,PK - 05,No,332,53.6%,50.9%,70,72,66,65,66,69,,COMBINED ENROLLMENT TYPE SCHOOL
DALLAS ISD,SOLAR PREP FOR BOYS AT JOHN F KENNEDY,REGION 10: RICHARDSON,DALLAS,Elementary,PK - 05,No,397,41.8%,21.9%,82,85,86,86,80,100,,SELECTIVE ENROL SCHL-CRITERIA-BASED
